0x345EF331;serious Surprise ;Areeba Connolly;3.71
0xDA7CB942;The Golden rest ;Khadeejah Melendez;3.95
0xC8413F28;The Golden Fantasy ;Alaw Appleton;6.87
0x053845B7;Every one need Images ;Teagan Emerson;7.89
0x67872394;space for Midnight ;Karan Vance;3.91
0x6B010AE7;The Golden Dream ;Fox Palacios;4.85
0xC37F8355;various dinner ;Kitty Matthews;4.62
0xA9C2A59A;castle of piano state ;Safah Forrest;4.93
0xA9524AA8;sexy Past ;Dannielle Blackwell;4.3
0x37A9977D;Change Of sauce ;Phillipa Connor;8.86
0xBD34D647;Sound Of Child ;Harlow Harwood;5.62
0xC5C89DCE;zzZzZzZz Place ;Rojin Brandt;5.82
0xA4C87BCA;lost with my Rhythm ;Chelsy Barker;3.66
0x4194152F;The last Midnight ;Iman Burks;3.87
0xB3BB9561;right Rhythm ;Vanesa Lu;3.68
0x08AB5346;the light rest ;Amanpreet Foreman;7.05
0x45A66808;fun at Life ;Brittany Levy;5.89
0xCCD3013E;restful valentine ;Darcey Dawe;9.36
0x02B6FC35;Tender Happiness ;Anand Carlson;7.41
0x4720D2A6;flowers in soul ;Gabrielle Terry;4.33
0x93AE4897;only good Solo Piano ;Michalina Lewis;6.01
0x7D74E5C1;popular summer ;Kaisha Andrew;8.25
0x7915A51A;still need brave Life ;Roseanne Knapp;9.49
0xE8533603;Thoughts Of Dream ;Paisley Boyle;7.26
0xB48BB62E;loud flute ;Zoha Portillo;6.68
0x6C40DCB8;REWILD madness ;Kaiya Millington;9.65
0x2CF18336;punk Lament;Kaila Kouma;9.36
0x4BCBF584;an introduction to color ;Charmaine Thornton;7.97
0x605862A1;heavy Dreams ;Breanna Wharton;3.49
0xD89E75B6;your backseat kiss ;Khushi Reed;8.47
